[
  {
    "id": "4e20a381-85b4-456a-880e-a0a2acfcf381",
    "data": [
      {
        "text": "I\u0027m sleeping",
        "userDefined": false
      }
    ],
    "isTemplate": false,
    "count": 0,
    "updated": 0
  },
  {
    "id": "e5830e26-71ea-4584-9113-b25aee15217f",
    "data": [
      {
        "text": "I\u0027m falling asleep",
        "userDefined": false
      }
    ],
    "isTemplate": false,
    "count": 0,
    "updated": 0
  },
  {
    "id": "3ca56987-769c-42f4-8912-8e450a651f7d",
    "data": [
      {
        "text": "I am sleepy",
        "userDefined": false
      }
    ],
    "isTemplate": false,
    "count": 0,
    "updated": 0
  },
  {
    "id": "7d894810-6bf4-4a82-8e49-4dee6558d38e",
    "data": [
      {
        "text": "I\u0027m ",
        "userDefined": false
      },
      {
        "text": "falling",
        "meta": "@sys.ignore",
        "userDefined": false
      },
      {
        "text": " asleep on my feet",
        "userDefined": false
      }
    ],
    "isTemplate": false,
    "count": 0,
    "updated": 0
  },
  {
    "id": "ff81760e-b65e-4778-84a5-61d1b10cbcd7",
    "data": [
      {
        "text": "I want to ",
        "userDefined": false
      },
      {
        "text": "sleep",
        "meta": "@sys.ignore",
        "userDefined": false
      }
    ],
    "isTemplate": false,
    "count": 0,
    "updated": 0
  }
]