[
  {
    "id": "550c727a-6221-40b4-a435-23b22553a527",
    "data": [
      {
        "text": "see you soon",
        "userDefined": false
      }
    ],
    "isTemplate": false,
    "count": 0,
    "updated": 0
  },
  {
    "id": "490b2053-0215-47e3-8e48-f021db3afcd0",
    "data": [
      {
        "text": "goodbye for now",
        "userDefined": false
      }
    ],
    "isTemplate": false,
    "count": 1,
    "updated": 0
  },
  {
    "id": "69eaefd9-ce01-4e01-83b8-461fb0e55a7c",
    "data": [
      {
        "text": "bye-bye",
        "userDefined": false
      }
    ],
    "isTemplate": false,
    "count": 0,
    "updated": 0
  },
  {
    "id": "24d388d8-4cdf-4245-977f-353443c10adc",
    "data": [
      {
        "text": "bye bye take care",
        "userDefined": false
      }
    ],
    "isTemplate": false,
    "count": 0,
    "updated": 0
  },
  {
    "id": "7f419a99-e373-45e8-86d1-64f65e1d80c0",
    "data": [
      {
        "text": "bye",
        "userDefined": false
      }
    ],
    "isTemplate": false,
    "count": 0,
    "updated": 0
  },
  {
    "id": "650b213f-48a2-40d1-a44f-cab7523e3b2b",
    "data": [
      {
        "text": "I ",
        "userDefined": false
      },
      {
        "text": "must",
        "meta": "@sys.ignore",
        "userDefined": true
      },
      {
        "text": " go",
        "userDefined": false
      }
    ],
    "isTemplate": false,
    "count": 0,
    "updated": 0
  },
  {
    "id": "78f848e1-410e-4f56-9bff-6abab5e90be4",
    "data": [
      {
        "text": "talk to you later",
        "userDefined": false
      }
    ],
    "isTemplate": false,
    "count": 0,
    "updated": 0
  },
  {
    "id": "c07bfd73-b592-44c1-b36e-c01490627da0",
    "data": [
      {
        "text": "see you",
        "userDefined": false
      }
    ],
    "isTemplate": false,
    "count": 1,
    "updated": 0
  },
  {
    "id": "c0b4979b-f357-4a29-8317-54409bd9100a",
    "data": [
      {
        "text": "goodbye",
        "userDefined": false
      }
    ],
    "isTemplate": false,
    "count": 0,
    "updated": 0
  },
  {
    "id": "848674cf-a2e8-4986-85c3-9c7b9bac10c6",
    "data": [
      {
        "text": "that\u0027s ",
        "userDefined": false
      },
      {
        "text": "it",
        "meta": "@sys.ignore",
        "userDefined": true
      },
      {
        "text": " goodbye",
        "userDefined": false
      }
    ],
    "isTemplate": false,
    "count": 1,
    "updated": 0
  },
  {
    "id": "f3de12e9-f16a-401a-84cc-7c0fe2878b8f",
    "data": [
      {
        "text": "leave",
        "meta": "@sys.ignore",
        "userDefined": true
      },
      {
        "text": " me alone",
        "userDefined": false
      }
    ],
    "isTemplate": false,
    "count": 1,
    "updated": 0
  },
  {
    "id": "9e20d91c-7aed-4457-843f-5b1c500dbc64",
    "data": [
      {
        "text": "ok bye",
        "userDefined": false
      }
    ],
    "isTemplate": false,
    "count": 0,
    "updated": 0
  },
  {
    "id": "35d2df7f-ce70-441a-aac9-a2ca0ec8aac9",
    "data": [
      {
        "text": "bye for now",
        "userDefined": false
      }
    ],
    "isTemplate": false,
    "count": 1,
    "updated": 0
  },
  {
    "id": "d2791d30-d052-485c-be76-252778637e4a",
    "data": [
      {
        "text": "thanks bye bye",
        "userDefined": false
      }
    ],
    "isTemplate": false,
    "count": 0,
    "updated": 0
  },
  {
    "id": "4b38288c-ff25-4508-a43b-dc8364cd5053",
    "data": [
      {
        "text": "hope",
        "meta": "@sys.ignore",
        "userDefined": true
      },
      {
        "text": " to see you later",
        "userDefined": false
      }
    ],
    "isTemplate": false,
    "count": 0,
    "updated": 0
  },
  {
    "id": "1814221c-db84-4888-9c90-2436a4324f16",
    "data": [
      {
        "text": "goodbye see you later",
        "userDefined": false
      }
    ],
    "isTemplate": false,
    "count": 1,
    "updated": 0
  },
  {
    "id": "79ed291f-e9b4-47f3-9f8e-3adcb16674a8",
    "data": [
      {
        "text": "go to bed",
        "userDefined": false
      }
    ],
    "isTemplate": false,
    "count": 0,
    "updated": 0
  },
  {
    "id": "33e3dc45-7e1e-49f4-a82e-6e81ee4a77e6",
    "data": [
      {
        "text": "now bye",
        "userDefined": false
      }
    ],
    "isTemplate": false,
    "count": 0,
    "updated": 0
  },
  {
    "id": "3351cbad-4310-4bd7-8853-18d1bb8e8575",
    "data": [
      {
        "text": "good",
        "meta": "@sys.ignore",
        "userDefined": true
      },
      {
        "text": " bye",
        "userDefined": false
      }
    ],
    "isTemplate": false,
    "count": 0,
    "updated": 0
  },
  {
    "id": "bc7d7904-ad50-4401-8a3b-e393dac42441",
    "data": [
      {
        "text": "never mind bye",
        "userDefined": false
      }
    ],
    "isTemplate": false,
    "count": 0,
    "updated": 0
  },
  {
    "id": "11d22001-65b0-4ad5-a5aa-c933aadac3a2",
    "data": [
      {
        "text": "alright bye",
        "userDefined": false
      }
    ],
    "isTemplate": false,
    "count": 0,
    "updated": 0
  },
  {
    "id": "64fabca9-58e9-4cf1-9b5b-a042c609128c",
    "data": [
      {
        "text": "bye bye see you",
        "userDefined": false
      }
    ],
    "isTemplate": false,
    "count": 0,
    "updated": 0
  },
  {
    "id": "e478c6d7-f2f1-4eb1-a0b4-c0bbcf9ddfa0",
    "data": [
      {
        "text": "okay bye",
        "userDefined": false
      }
    ],
    "isTemplate": false,
    "count": 0,
    "updated": 0
  },
  {
    "id": "0585078b-bfcb-4bb0-b7e2-d51292bebc3b",
    "data": [
      {
        "text": "till next time",
        "userDefined": false
      }
    ],
    "isTemplate": false,
    "count": 0,
    "updated": 0
  },
  {
    "id": "5627729a-f950-4d3e-8a71-0ae96b646f0c",
    "data": [
      {
        "text": "okay",
        "meta": "@sys.ignore",
        "userDefined": true
      },
      {
        "text": " ",
        "userDefined": false
      },
      {
        "text": "thank you",
        "meta": "@sys.ignore",
        "userDefined": true
      },
      {
        "text": " bye",
        "userDefined": false
      }
    ],
    "isTemplate": false,
    "count": 1,
    "updated": 0
  },
  {
    "id": "52e78b28-31c8-472e-a5e0-924f98593665",
    "data": [
      {
        "text": "I said bye",
        "userDefined": false
      }
    ],
    "isTemplate": false,
    "count": 0,
    "updated": 0
  },
  {
    "id": "7c232936-79ad-45c4-b321-aa477d0af2b4",
    "data": [
      {
        "text": "see you tomorrow",
        "userDefined": false
      }
    ],
    "isTemplate": false,
    "count": 0,
    "updated": 0
  },
  {
    "id": "8d7d9df3-95d4-4bec-8b43-f9cbe3f083f3",
    "data": [
      {
        "text": "that\u0027s ",
        "userDefined": false
      },
      {
        "text": "all",
        "meta": "@sys.ignore",
        "userDefined": true
      },
      {
        "text": " goodbye",
        "userDefined": false
      }
    ],
    "isTemplate": false,
    "count": 0,
    "updated": 0
  },
  {
    "id": "e9b2e4a6-5c6f-4ec2-877e-676dad397533",
    "data": [
      {
        "text": "bye bye see you soon",
        "userDefined": false
      }
    ],
    "isTemplate": false,
    "count": 0,
    "updated": 0
  },
  {
    "id": "e81a783f-9342-4416-9b21-536ba97e8ec4",
    "data": [
      {
        "text": "you can go now",
        "userDefined": false
      }
    ],
    "isTemplate": false,
    "count": 0,
    "updated": 0
  },
  {
    "id": "c3b09c40-0379-4d31-a887-a8f2197d0ffd",
    "data": [
      {
        "text": "okay see you later",
        "userDefined": false
      }
    ],
    "isTemplate": false,
    "count": 0,
    "updated": 0
  },
  {
    "id": "844b8540-2d61-490a-82aa-9cc1ad04c4a8",
    "data": [
      {
        "text": "see ya",
        "userDefined": false
      }
    ],
    "isTemplate": false,
    "count": 0,
    "updated": 0
  },
  {
    "id": "66faddae-8c43-4023-ae81-d55ec63d0b08",
    "data": [
      {
        "text": "get",
        "meta": "@sys.ignore",
        "userDefined": true
      },
      {
        "text": " ",
        "userDefined": false
      },
      {
        "text": "lost",
        "meta": "@sys.ignore",
        "userDefined": true
      }
    ],
    "isTemplate": false,
    "count": 0,
    "updated": 0
  }
]