[
  {
    "id": "faefd99b-629c-4e86-be68-8b94043964ce",
    "data": [
      {
        "text": "what\u0027s cracking",
        "userDefined": false
      }
    ],
    "isTemplate": false,
    "count": 0,
    "updated": 0
  },
  {
    "id": "c955c061-8690-4746-904f-e44dda72f70e",
    "data": [
      {
        "text": "what is going ",
        "userDefined": false
      },
      {
        "text": "on",
        "meta": "@sys.ignore",
        "userDefined": false
      }
    ],
    "isTemplate": false,
    "count": 0,
    "updated": 0
  },
  {
    "id": "73c9b803-bdcb-4c3b-b97e-2fcb2a0d10fa",
    "data": [
      {
        "text": "what is ",
        "userDefined": false
      },
      {
        "text": "on",
        "meta": "@sys.ignore",
        "userDefined": false
      },
      {
        "text": " ",
        "userDefined": false
      },
      {
        "text": "your",
        "meta": "@sys.ignore",
        "userDefined": false
      },
      {
        "text": " mind",
        "userDefined": false
      }
    ],
    "isTemplate": false,
    "count": 0,
    "updated": 0
  },
  {
    "id": "cb6ec6d4-4e99-46fa-adbc-51176926ca4c",
    "data": [
      {
        "text": "what\u0027s ",
        "userDefined": false
      },
      {
        "text": "up",
        "meta": "@sys.ignore",
        "userDefined": true
      },
      {
        "text": " ",
        "userDefined": false
      },
      {
        "text": "today",
        "meta": "@sys.ignore",
        "userDefined": true
      }
    ],
    "isTemplate": false,
    "count": 0,
    "updated": 0
  },
  {
    "id": "a8a92158-3d58-4d32-8d2f-c48b65119d2e",
    "data": [
      {
        "text": "what\u0027s shaking",
        "userDefined": false
      }
    ],
    "isTemplate": false,
    "count": 0,
    "updated": 0
  },
  {
    "id": "7e4adb6b-2a8d-4b62-821a-be2ed18b14f3",
    "data": [
      {
        "text": "good",
        "meta": "@sys.ignore",
        "userDefined": false
      },
      {
        "text": " what\u0027s up",
        "userDefined": false
      }
    ],
    "isTemplate": false,
    "count": 0,
    "updated": 0
  },
  {
    "id": "3886e371-e9fd-43e9-8c4b-64551b4259f4",
    "data": [
      {
        "text": "then what\u0027s up",
        "userDefined": false
      }
    ],
    "isTemplate": false,
    "count": 0,
    "updated": 0
  },
  {
    "id": "ad0aa546-5395-43ed-bab7-41e58d7a90fe",
    "data": [
      {
        "text": "hey what\u0027s up",
        "userDefined": false
      }
    ],
    "isTemplate": false,
    "count": 0,
    "updated": 0
  },
  {
    "id": "37c7d856-b3fa-46b4-9a2f-3b7ba2b06cdf",
    "data": [
      {
        "text": "I said what\u0027s up",
        "userDefined": false
      }
    ],
    "isTemplate": false,
    "count": 0,
    "updated": 0
  },
  {
    "id": "6634a7d5-f125-45fd-9023-b09efcfe39a5",
    "data": [
      {
        "text": "what\u0027s cooking",
        "userDefined": false
      }
    ],
    "isTemplate": false,
    "count": 1,
    "updated": 0
  },
  {
    "id": "418c8bcf-0c14-4594-9448-8a603a932813",
    "data": [
      {
        "text": "whazzup",
        "userDefined": false
      }
    ],
    "isTemplate": false,
    "count": 0,
    "updated": 0
  },
  {
    "id": "f6f45b81-990f-4590-a9ca-23ff4cbe2822",
    "data": [
      {
        "text": "what is up",
        "userDefined": false
      }
    ],
    "isTemplate": false,
    "count": 0,
    "updated": 0
  },
  {
    "id": "881af255-e6e3-46a9-8f4d-81ff5db17a8e",
    "data": [
      {
        "text": "what is happening",
        "userDefined": false
      }
    ],
    "isTemplate": false,
    "count": 0,
    "updated": 0
  },
  {
    "id": "dabd5590-1e87-414f-924d-fcd02c9d60d9",
    "data": [
      {
        "text": "wassup",
        "userDefined": false
      }
    ],
    "isTemplate": false,
    "count": 0,
    "updated": 0
  },
  {
    "id": "2c0a49e2-17c4-4f57-8168-c18525d51703",
    "data": [
      {
        "text": "what\u0027s up",
        "userDefined": false
      }
    ],
    "isTemplate": false,
    "count": 0,
    "updated": 0
  },
  {
    "id": "7893b8dc-0c3a-4894-b3a1-977b550f7972",
    "data": [
      {
        "text": "what\u0027s happened",
        "userDefined": false
      }
    ],
    "isTemplate": false,
    "count": 1,
    "updated": 0
  }
]