[
  {
    "id": "0dd8d13b-f472-4ecc-bc46-3283ee2b432c",
    "data": [
      {
        "text": "I got back",
        "userDefined": false
      }
    ],
    "isTemplate": false,
    "count": 0,
    "updated": 0
  },
  {
    "id": "c4a99c19-9268-42cc-9f03-0b9c3773243b",
    "data": [
      {
        "text": "I am back",
        "userDefined": false
      }
    ],
    "isTemplate": false,
    "count": 0,
    "updated": 0
  },
  {
    "id": "5e18283c-1108-4ed7-a80d-230e76a4f95e",
    "data": [
      {
        "text": "I came back",
        "userDefined": false
      }
    ],
    "isTemplate": false,
    "count": 0,
    "updated": 0
  },
  {
    "id": "9a7017b4-6fab-4945-ad17-76b59bd27a34",
    "data": [
      {
        "text": "I\u0027m here again",
        "userDefined": false
      }
    ],
    "isTemplate": false,
    "count": 0,
    "updated": 0
  },
  {
    "id": "78d95bc2-1075-433b-8ca1-a86053181ef0",
    "data": [
      {
        "text": "here I am again",
        "userDefined": false
      }
    ],
    "isTemplate": false,
    "count": 0,
    "updated": 0
  },
  {
    "id": "839bb73b-fe03-4df2-80c5-94561b136877",
    "data": [
      {
        "text": "I have returned",
        "userDefined": false
      }
    ],
    "isTemplate": false,
    "count": 0,
    "updated": 0
  }
]