[
  {
    "id": "de40c455-a4b1-4621-9073-fa9c97c4bd21",
    "data": [
      {
        "text": "I\u0027m unhappy",
        "userDefined": false
      }
    ],
    "isTemplate": false,
    "count": 0,
    "updated": 0
  },
  {
    "id": "c62b6c45-803c-448f-8cb4-306a4142444e",
    "data": [
      {
        "text": "I\u0027m grieving",
        "userDefined": false
      }
    ],
    "isTemplate": false,
    "count": 0,
    "updated": 0
  },
  {
    "id": "14474e49-c1b6-4841-91a8-9410916404f2",
    "data": [
      {
        "text": "I",
        "meta": "@sys.ignore",
        "userDefined": false
      },
      {
        "text": " want ",
        "userDefined": false
      },
      {
        "text": "to",
        "meta": "@sys.ignore",
        "userDefined": false
      },
      {
        "text": " cry",
        "userDefined": false
      }
    ],
    "isTemplate": false,
    "count": 0,
    "updated": 0
  },
  {
    "id": "25d07c21-70dc-4172-82f8-3a6f2bbafbfa",
    "data": [
      {
        "text": "I am upset",
        "userDefined": false
      }
    ],
    "isTemplate": false,
    "count": 0,
    "updated": 0
  },
  {
    "id": "939ade25-c99b-4e90-b319-c98fe59259a8",
    "data": [
      {
        "text": "I\u0027m having a bad day",
        "userDefined": false
      }
    ],
    "isTemplate": false,
    "count": 0,
    "updated": 0
  },
  {
    "id": "6126ba91-96ee-4e5d-b030-902b4917dec1",
    "data": [
      {
        "text": "I am feeling sad",
        "userDefined": false
      }
    ],
    "isTemplate": false,
    "count": 0,
    "updated": 0
  },
  {
    "id": "c4e6e75f-6ac6-40c0-8d64-f6968249167a",
    "data": [
      {
        "text": "I am depressed",
        "userDefined": false
      }
    ],
    "isTemplate": false,
    "count": 0,
    "updated": 0
  },
  {
    "id": "377837d4-20cf-41a9-b7be-e7f8b78afc37",
    "data": [
      {
        "text": "I am sad",
        "userDefined": false
      }
    ],
    "isTemplate": false,
    "count": 0,
    "updated": 0
  },
  {
    "id": "a8e2436b-1fbc-479d-9328-12eb2b81f179",
    "data": [
      {
        "text": "I\u0027m not happy",
        "userDefined": false
      }
    ],
    "isTemplate": false,
    "count": 0,
    "updated": 0
  }
]