[
  {
    "id": "b27abd4a-9e1c-4524-95f3-a8ac13f12f32",
    "data": [
      {
        "text": "is that what you mean",
        "userDefined": false
      }
    ],
    "isTemplate": false,
    "count": 0,
    "updated": 0
  },
  {
    "id": "0cd0d0c1-9919-4755-8d33-49c01c956d62",
    "data": [
      {
        "text": "what exactly do you mean",
        "userDefined": false
      }
    ],
    "isTemplate": false,
    "count": 1,
    "updated": 0
  },
  {
    "id": "4cb24de6-abb8-466d-9abe-2a5949c78c4e",
    "data": [
      {
        "text": "what do you mean exactly",
        "userDefined": false
      }
    ],
    "isTemplate": false,
    "count": 0,
    "updated": 0
  },
  {
    "id": "0a4ef714-2701-4402-a59e-70d48936ff31",
    "data": [
      {
        "text": "what do you mean",
        "userDefined": false
      }
    ],
    "isTemplate": false,
    "count": 0,
    "updated": 0
  },
  {
    "id": "b69ae597-d440-4371-815f-77f3ce4f8eb6",
    "data": [
      {
        "text": "but what do you mean",
        "userDefined": false
      }
    ],
    "isTemplate": false,
    "count": 0,
    "updated": 0
  }
]