[
  {
    "id": "d9af51bb-be97-446a-b977-4c5d8afacc8a",
    "data": [
      {
        "text": "that\u0027s a ",
        "userDefined": false
      },
      {
        "text": "good",
        "meta": "@sys.ignore",
        "userDefined": true
      },
      {
        "text": " thing",
        "userDefined": false
      }
    ],
    "isTemplate": false,
    "count": 0,
    "updated": 0
  },
  {
    "id": "d323f85e-38af-4547-a881-369620e21b2a",
    "data": [
      {
        "text": "that\u0027s awesome ",
        "userDefined": false
      },
      {
        "text": "thank you",
        "meta": "@sys.ignore",
        "userDefined": true
      }
    ],
    "isTemplate": false,
    "count": 0,
    "updated": 0
  },
  {
    "id": "2fa2da75-2d48-4ec8-8818-ce52e34f8bb6",
    "data": [
      {
        "text": "really ",
        "userDefined": false
      },
      {
        "text": "well",
        "meta": "@sys.ignore",
        "userDefined": true
      }
    ],
    "isTemplate": false,
    "count": 0,
    "updated": 0
  },
  {
    "id": "406a548f-bdf7-4b59-97ba-a38fd1d20023",
    "data": [
      {
        "text": "oh ",
        "userDefined": false
      },
      {
        "text": "well",
        "meta": "@sys.ignore",
        "userDefined": true
      }
    ],
    "isTemplate": false,
    "count": 0,
    "updated": 0
  },
  {
    "id": "6559de77-eeac-4640-9734-7f4252d1dd4f",
    "data": [
      {
        "text": "that\u0027s very ",
        "userDefined": false
      },
      {
        "text": "good",
        "meta": "@sys.ignore",
        "userDefined": true
      }
    ],
    "isTemplate": false,
    "count": 2,
    "updated": 0
  },
  {
    "id": "433a9247-eceb-4a60-a579-13b8d8b3f826",
    "data": [
      {
        "text": "that is ",
        "userDefined": false
      },
      {
        "text": "nice",
        "meta": "@sys.ignore",
        "userDefined": true
      }
    ],
    "isTemplate": false,
    "count": 0,
    "updated": 0
  },
  {
    "id": "c12b2eb4-7e42-4aca-becf-f3348ecb3a65",
    "data": [
      {
        "text": "that\u0027s better",
        "userDefined": false
      }
    ],
    "isTemplate": false,
    "count": 0,
    "updated": 0
  },
  {
    "id": "0e1ef4d0-6031-4db7-9258-66a48565fbbd",
    "data": [
      {
        "text": "it",
        "meta": "@sys.ignore",
        "userDefined": true
      },
      {
        "text": "\u0027s good",
        "userDefined": false
      }
    ],
    "isTemplate": false,
    "count": 2,
    "updated": 0
  },
  {
    "id": "022afd39-fbf0-4b58-85ad-5c2ff384072b",
    "data": [
      {
        "text": "that is ",
        "userDefined": false
      },
      {
        "text": "good",
        "meta": "@sys.ignore",
        "userDefined": true
      }
    ],
    "isTemplate": false,
    "count": 0,
    "updated": 0
  },
  {
    "id": "1ebb4122-bb9a-4dbd-b002-060ae7bf1f91",
    "data": [
      {
        "text": "it\u0027s very good",
        "userDefined": false
      }
    ],
    "isTemplate": false,
    "count": 0,
    "updated": 0
  },
  {
    "id": "d5dd5565-392d-47c6-9ab7-7c6917e5c766",
    "data": [
      {
        "text": "that\u0027s sweet ",
        "userDefined": false
      },
      {
        "text": "of",
        "meta": "@sys.ignore",
        "userDefined": true
      },
      {
        "text": " you",
        "userDefined": false
      }
    ],
    "isTemplate": false,
    "count": 0,
    "updated": 0
  },
  {
    "id": "a5b6d211-3f87-4286-a3f6-2adebd30d40a",
    "data": [
      {
        "text": "that\u0027s a ",
        "userDefined": false
      },
      {
        "text": "good",
        "meta": "@sys.ignore",
        "userDefined": true
      },
      {
        "text": " idea",
        "userDefined": false
      }
    ],
    "isTemplate": false,
    "count": 0,
    "updated": 0
  },
  {
    "id": "330bd9de-814c-4f82-a5f4-4086b4b25178",
    "data": [
      {
        "text": "it\u0027s fine",
        "userDefined": false
      }
    ],
    "isTemplate": false,
    "count": 0,
    "updated": 0
  },
  {
    "id": "ca12f8b7-c50b-41c1-ab62-514446432981",
    "data": [
      {
        "text": "very nice",
        "userDefined": false
      }
    ],
    "isTemplate": false,
    "count": 0,
    "updated": 0
  },
  {
    "id": "8e1341cc-8070-424d-9f91-de0131956f51",
    "data": [
      {
        "text": "it\u0027s",
        "meta": "@sys.ignore",
        "userDefined": true
      },
      {
        "text": " perfect",
        "userDefined": false
      }
    ],
    "isTemplate": false,
    "count": 1,
    "updated": 0
  },
  {
    "id": "5bfa983c-523e-494c-a6d9-591a1b9072b1",
    "data": [
      {
        "text": "that\u0027s ",
        "userDefined": false
      },
      {
        "text": "nice",
        "meta": "@sys.ignore",
        "userDefined": true
      },
      {
        "text": " ",
        "userDefined": false
      },
      {
        "text": "of",
        "meta": "@sys.ignore",
        "userDefined": true
      },
      {
        "text": " you",
        "userDefined": false
      }
    ],
    "isTemplate": false,
    "count": 0,
    "updated": 0
  },
  {
    "id": "011b2705-e005-4ab1-9e37-f4176f41107d",
    "data": [
      {
        "text": "that\u0027s pretty ",
        "userDefined": false
      },
      {
        "text": "good",
        "meta": "@sys.ignore",
        "userDefined": true
      }
    ],
    "isTemplate": false,
    "count": 0,
    "updated": 0
  },
  {
    "id": "31b68abc-d74e-4b78-9ab1-0c8e667a69bd",
    "data": [
      {
        "text": "sweet",
        "userDefined": false
      }
    ],
    "isTemplate": false,
    "count": 1,
    "updated": 0
  },
  {
    "id": "04b9657e-8f57-42a8-8ed3-e7f3f4e748ba",
    "data": [
      {
        "text": "fine",
        "meta": "@sys.ignore",
        "userDefined": true
      }
    ],
    "isTemplate": false,
    "count": 0,
    "updated": 0
  },
  {
    "id": "14bd8056-bb5a-4c8a-ac56-e4a21394e3d4",
    "data": [
      {
        "text": "that\u0027s perfect",
        "userDefined": false
      }
    ],
    "isTemplate": false,
    "count": 0,
    "updated": 0
  },
  {
    "id": "1f19944d-0eb8-41df-935a-9fd7bdc6ffd6",
    "data": [
      {
        "text": "very ",
        "userDefined": false
      },
      {
        "text": "nice",
        "meta": "@sys.ignore",
        "userDefined": true
      }
    ],
    "isTemplate": false,
    "count": 0,
    "updated": 0
  },
  {
    "id": "c400c800-2d35-4394-9c8e-68388da46ad2",
    "data": [
      {
        "text": "glad to hear ",
        "userDefined": false
      },
      {
        "text": "it",
        "meta": "@sys.ignore",
        "userDefined": true
      }
    ],
    "isTemplate": false,
    "count": 0,
    "updated": 0
  },
  {
    "id": "a7258bde-c51a-4586-a0b7-7903f98658c0",
    "data": [
      {
        "text": "that is wonderful",
        "userDefined": false
      }
    ],
    "isTemplate": false,
    "count": 0,
    "updated": 0
  },
  {
    "id": "9dc3e26b-2804-4964-ac93-80b0cd57b83d",
    "data": [
      {
        "text": "that was cute",
        "userDefined": false
      }
    ],
    "isTemplate": false,
    "count": 0,
    "updated": 0
  },
  {
    "id": "e7075a91-0bb4-43f9-8724-deb054c2b40e",
    "data": [
      {
        "text": "much better",
        "userDefined": false
      }
    ],
    "isTemplate": false,
    "count": 0,
    "updated": 0
  },
  {
    "id": "a09976c4-aeb5-4a75-bd63-d3bc5ee34a85",
    "data": [
      {
        "text": "it\u0027s",
        "meta": "@sys.ignore",
        "userDefined": true
      },
      {
        "text": " very good",
        "userDefined": false
      }
    ],
    "isTemplate": false,
    "count": 0,
    "updated": 0
  },
  {
    "id": "0fcfe214-e59a-443c-bdcb-87cb71e8eb4f",
    "data": [
      {
        "text": "not too ",
        "userDefined": false
      },
      {
        "text": "bad",
        "meta": "@sys.ignore",
        "userDefined": true
      }
    ],
    "isTemplate": false,
    "count": 1,
    "updated": 0
  },
  {
    "id": "ca75c8ad-0fd5-4376-a9a6-18b3a8ddc3f8",
    "data": [
      {
        "text": "that\u0027s wonderful",
        "userDefined": false
      }
    ],
    "isTemplate": false,
    "count": 0,
    "updated": 0
  },
  {
    "id": "f8f1b161-fb12-4599-9539-e6927394693c",
    "data": [
      {
        "text": "that was awesome",
        "userDefined": false
      }
    ],
    "isTemplate": false,
    "count": 0,
    "updated": 0
  },
  {
    "id": "dab5a49d-9e7b-46ef-908f-9c072d063349",
    "data": [
      {
        "text": "good",
        "meta": "@sys.ignore",
        "userDefined": true
      },
      {
        "text": " very ",
        "userDefined": false
      },
      {
        "text": "good",
        "meta": "@sys.ignore",
        "userDefined": true
      }
    ],
    "isTemplate": false,
    "count": 0,
    "updated": 0
  },
  {
    "id": "9fcf217b-0c98-459f-b9f9-171474c23871",
    "data": [
      {
        "text": "that\u0027s much better",
        "userDefined": false
      }
    ],
    "isTemplate": false,
    "count": 0,
    "updated": 0
  },
  {
    "id": "3add754a-dd59-4bfb-9480-6b076fc2add4",
    "data": [
      {
        "text": "fantastic",
        "userDefined": false
      }
    ],
    "isTemplate": false,
    "count": 0,
    "updated": 0
  },
  {
    "id": "c1cc7980-ded3-47b9-8e7d-80cd28ae7a68",
    "data": [
      {
        "text": "good",
        "meta": "@sys.ignore",
        "userDefined": true
      },
      {
        "text": " to know",
        "userDefined": false
      }
    ],
    "isTemplate": false,
    "count": 0,
    "updated": 0
  },
  {
    "id": "3fa02cef-8eb7-442e-ad39-5c1a347fce0d",
    "data": [
      {
        "text": "that\u0027s really ",
        "userDefined": false
      },
      {
        "text": "nice",
        "meta": "@sys.ignore",
        "userDefined": true
      }
    ],
    "isTemplate": false,
    "count": 0,
    "updated": 0
  },
  {
    "id": "a2ae6bb0-0a8f-4e20-b311-1885bf660326",
    "data": [
      {
        "text": "that was pretty ",
        "userDefined": false
      },
      {
        "text": "good",
        "meta": "@sys.ignore",
        "userDefined": true
      }
    ],
    "isTemplate": false,
    "count": 0,
    "updated": 0
  },
  {
    "id": "1e3c62ed-8c21-43d5-a5f8-f7b8d56a3c60",
    "data": [
      {
        "text": "ok ",
        "userDefined": false
      },
      {
        "text": "good",
        "meta": "@sys.ignore",
        "userDefined": true
      }
    ],
    "isTemplate": false,
    "count": 0,
    "updated": 0
  },
  {
    "id": "f46ee9a4-45b4-45b0-ad9e-71529b0a15af",
    "data": [
      {
        "text": "glad to hear that",
        "userDefined": false
      }
    ],
    "isTemplate": false,
    "count": 0,
    "updated": 0
  },
  {
    "id": "11676aa0-ddba-41f2-a774-6bc34cda32ca",
    "data": [
      {
        "text": "not ",
        "userDefined": false
      },
      {
        "text": "bad",
        "meta": "@sys.ignore",
        "userDefined": true
      }
    ],
    "isTemplate": false,
    "count": 0,
    "updated": 0
  },
  {
    "id": "318b0b8a-839a-4039-919b-3914db567334",
    "data": [
      {
        "text": "splendid",
        "userDefined": false
      }
    ],
    "isTemplate": false,
    "count": 0,
    "updated": 0
  },
  {
    "id": "7406d212-ad97-46a7-b937-e20fa1c357d1",
    "data": [
      {
        "text": "I\u0027m",
        "meta": "@sys.ignore",
        "userDefined": true
      },
      {
        "text": " glad to hear that",
        "userDefined": false
      }
    ],
    "isTemplate": false,
    "count": 0,
    "updated": 0
  },
  {
    "id": "a237fd8b-4e7d-4583-8885-4b726049d2c1",
    "data": [
      {
        "text": "super fantastic",
        "userDefined": false
      }
    ],
    "isTemplate": false,
    "count": 0,
    "updated": 0
  },
  {
    "id": "6096e7c9-3eb1-4c21-a8bf-4bbf4e0611c0",
    "data": [
      {
        "text": "wonderful",
        "userDefined": false
      }
    ],
    "isTemplate": false,
    "count": 0,
    "updated": 0
  },
  {
    "id": "1519f6e7-f865-4da8-96e2-ffc9e3c0fbd5",
    "data": [
      {
        "text": "this is ",
        "userDefined": false
      },
      {
        "text": "great",
        "meta": "@sys.ignore",
        "userDefined": true
      }
    ],
    "isTemplate": false,
    "count": 0,
    "updated": 0
  },
  {
    "id": "6613ee74-6c97-4e91-8a95-821b2224a36e",
    "data": [
      {
        "text": "that\u0027s fantastic",
        "userDefined": false
      }
    ],
    "isTemplate": false,
    "count": 0,
    "updated": 0
  },
  {
    "id": "07322e9a-9abc-46e1-941e-d577c521a6b7",
    "data": [
      {
        "text": "that\u0027s ",
        "userDefined": false
      },
      {
        "text": "nice",
        "meta": "@sys.ignore",
        "userDefined": true
      }
    ],
    "isTemplate": false,
    "count": 1,
    "updated": 0
  },
  {
    "id": "c0d553e1-bdd4-42e0-89dd-79ef4182cc8f",
    "data": [
      {
        "text": "it",
        "meta": "@sys.ignore",
        "userDefined": true
      },
      {
        "text": " is ",
        "userDefined": false
      },
      {
        "text": "good",
        "meta": "@sys.ignore",
        "userDefined": true
      }
    ],
    "isTemplate": false,
    "count": 0,
    "updated": 0
  },
  {
    "id": "20638609-50aa-4d93-b350-954cfef2bafc",
    "data": [
      {
        "text": "really ",
        "userDefined": false
      },
      {
        "text": "good",
        "meta": "@sys.ignore",
        "userDefined": true
      }
    ],
    "isTemplate": false,
    "count": 1,
    "updated": 0
  },
  {
    "id": "b6f80732-3192-4f63-b942-c7b983d22cfa",
    "data": [
      {
        "text": "good",
        "meta": "@sys.ignore",
        "userDefined": true
      },
      {
        "text": " for you",
        "userDefined": false
      }
    ],
    "isTemplate": false,
    "count": 0,
    "updated": 0
  },
  {
    "id": "0cc3dd5f-d844-42a2-b79c-3cffbde3d02e",
    "data": [
      {
        "text": "cool",
        "meta": "@sys.ignore",
        "userDefined": false
      }
    ],
    "isTemplate": false,
    "count": 0,
    "updated": 0
  },
  {
    "id": "ee3f911b-6500-43f0-9d6e-f86792489bc5",
    "data": [
      {
        "text": "straight",
        "userDefined": false
      }
    ],
    "isTemplate": false,
    "count": 0,
    "updated": 0
  },
  {
    "id": "a56aaef7-0a96-4aa4-8ff6-99f86b3ae5be",
    "data": [
      {
        "text": "that\u0027s great",
        "userDefined": false
      }
    ],
    "isTemplate": false,
    "count": 0,
    "updated": 0
  },
  {
    "id": "9481a600-1f21-4684-88ce-9334f17ceecb",
    "data": [
      {
        "text": "great",
        "meta": "@sys.ignore",
        "userDefined": true
      }
    ],
    "isTemplate": false,
    "count": 1,
    "updated": 0
  },
  {
    "id": "726dd1fb-a09a-43c0-a781-cab8c2e01c59",
    "data": [
      {
        "text": "it\u0027s amazing",
        "userDefined": false
      }
    ],
    "isTemplate": false,
    "count": 0,
    "updated": 0
  },
  {
    "id": "4ec828bc-8252-4076-bd20-e52ff05ce39e",
    "data": [
      {
        "text": "perfect",
        "userDefined": false
      }
    ],
    "isTemplate": false,
    "count": 1,
    "updated": 0
  },
  {
    "id": "8ea411b0-11f7-45dc-9698-f3d7ee9b8b71",
    "data": [
      {
        "text": "that\u0027s cute",
        "userDefined": false
      }
    ],
    "isTemplate": false,
    "count": 0,
    "updated": 0
  },
  {
    "id": "e433d8b7-331e-4e2c-9c2c-6f07eb165cd7",
    "data": [
      {
        "text": "it",
        "meta": "@sys.ignore",
        "userDefined": true
      },
      {
        "text": " was ",
        "userDefined": false
      },
      {
        "text": "good",
        "meta": "@sys.ignore",
        "userDefined": true
      }
    ],
    "isTemplate": false,
    "count": 0,
    "updated": 0
  },
  {
    "id": "34c88542-442e-4dd7-aad0-e6d15e186475",
    "data": [
      {
        "text": "so sweet ",
        "userDefined": false
      },
      {
        "text": "of",
        "meta": "@sys.ignore",
        "userDefined": true
      },
      {
        "text": " you",
        "userDefined": false
      }
    ],
    "isTemplate": false,
    "count": 0,
    "updated": 0
  },
  {
    "id": "909acbb7-0aad-442e-829a-e36f96b5db5f",
    "data": [
      {
        "text": "amazing",
        "userDefined": false
      }
    ],
    "isTemplate": false,
    "count": 0,
    "updated": 0
  },
  {
    "id": "6501158a-2197-48a7-85fa-f7f0feafdc0c",
    "data": [
      {
        "text": "terrific",
        "userDefined": false
      }
    ],
    "isTemplate": false,
    "count": 1,
    "updated": 0
  },
  {
    "id": "fc8d6e23-0fd3-48bc-bdae-1ed6b17a3530",
    "data": [
      {
        "text": "pleasant",
        "userDefined": false
      }
    ],
    "isTemplate": false,
    "count": 0,
    "updated": 0
  },
  {
    "id": "175a1bf9-cb35-4bdc-a8bf-b6005b5b5cdd",
    "data": [
      {
        "text": "that\u0027s really ",
        "userDefined": false
      },
      {
        "text": "good",
        "meta": "@sys.ignore",
        "userDefined": true
      }
    ],
    "isTemplate": false,
    "count": 0,
    "updated": 0
  },
  {
    "id": "81ce11bd-8df5-457f-9ea6-750145ea75f3",
    "data": [
      {
        "text": "that\u0027s awesome",
        "userDefined": false
      }
    ],
    "isTemplate": false,
    "count": 0,
    "updated": 0
  },
  {
    "id": "c17bbf94-aa00-4d9f-9698-06d871f46e10",
    "data": [
      {
        "text": "very ",
        "userDefined": false
      },
      {
        "text": "good",
        "meta": "@sys.ignore",
        "userDefined": true
      }
    ],
    "isTemplate": false,
    "count": 0,
    "updated": 0
  },
  {
    "id": "62df710b-5e0f-4cfe-9589-33f2a1ced26d",
    "data": [
      {
        "text": "so ",
        "userDefined": false
      },
      {
        "text": "cool",
        "meta": "@sys.ignore",
        "userDefined": false
      }
    ],
    "isTemplate": false,
    "count": 0,
    "updated": 0
  },
  {
    "id": "fff0d11b-02eb-48ac-a3b7-7fa0bc18c066",
    "data": [
      {
        "text": "it",
        "meta": "@sys.ignore",
        "userDefined": true
      },
      {
        "text": "\u0027s great",
        "userDefined": false
      }
    ],
    "isTemplate": false,
    "count": 3,
    "updated": 0
  },
  {
    "id": "a0536a1f-df35-49f0-8629-f6c4f7c202fe",
    "data": [
      {
        "text": "this is awesome",
        "userDefined": false
      }
    ],
    "isTemplate": false,
    "count": 0,
    "updated": 0
  },
  {
    "id": "fb16ca13-2e91-4305-a952-1f92078cdfde",
    "data": [
      {
        "text": "very ",
        "userDefined": false
      },
      {
        "text": "well",
        "meta": "@sys.ignore",
        "userDefined": true
      }
    ],
    "isTemplate": false,
    "count": 0,
    "updated": 0
  },
  {
    "id": "564c0db3-727c-4f64-952b-411218c6e78d",
    "data": [
      {
        "text": "very then",
        "userDefined": false
      }
    ],
    "isTemplate": false,
    "count": 0,
    "updated": 0
  },
  {
    "id": "51d1288d-6009-4fcf-8395-bb9dc1b08f8f",
    "data": [
      {
        "text": "nice",
        "meta": "@sys.ignore",
        "userDefined": true
      }
    ],
    "isTemplate": false,
    "count": 0,
    "updated": 0
  },
  {
    "id": "e00af093-ce53-49fe-b453-f07c4ad95351",
    "data": [
      {
        "text": "it",
        "meta": "@sys.ignore",
        "userDefined": true
      },
      {
        "text": " is ",
        "userDefined": false
      },
      {
        "text": "fine",
        "meta": "@sys.ignore",
        "userDefined": true
      }
    ],
    "isTemplate": false,
    "count": 0,
    "updated": 0
  },
  {
    "id": "9d728f97-f72a-4a7c-b14a-e0c3346a6bf9",
    "data": [
      {
        "text": "that\u0027s amazing",
        "userDefined": false
      }
    ],
    "isTemplate": false,
    "count": 0,
    "updated": 0
  },
  {
    "id": "f85c0727-d835-4a6d-bcde-fbdd4d1aca94",
    "data": [
      {
        "text": "that is awesome",
        "userDefined": false
      }
    ],
    "isTemplate": false,
    "count": 1,
    "updated": 0
  },
  {
    "id": "cce6dc5d-0084-4dcc-8d05-b35dd50f8157",
    "data": [
      {
        "text": "so ",
        "userDefined": false
      },
      {
        "text": "good",
        "meta": "@sys.ignore",
        "userDefined": true
      }
    ],
    "isTemplate": false,
    "count": 0,
    "updated": 0
  },
  {
    "id": "d1e8b307-6912-4359-9276-ae10c99ee6d5",
    "data": [
      {
        "text": "that was good",
        "userDefined": false
      }
    ],
    "isTemplate": false,
    "count": 0,
    "updated": 0
  },
  {
    "id": "85cf6d4a-7ed8-4822-8be2-4610658209ad",
    "data": [
      {
        "text": "pretty ",
        "userDefined": false
      },
      {
        "text": "good",
        "meta": "@sys.ignore",
        "userDefined": true
      }
    ],
    "isTemplate": false,
    "count": 0,
    "updated": 0
  },
  {
    "id": "30b6da51-d677-4247-8507-60eb3fa3b72e",
    "data": [
      {
        "text": "that was very ",
        "userDefined": false
      },
      {
        "text": "good",
        "meta": "@sys.ignore",
        "userDefined": true
      }
    ],
    "isTemplate": false,
    "count": 0,
    "updated": 0
  },
  {
    "id": "87989c56-e4ba-44b5-8523-f95fa9d6b305",
    "data": [
      {
        "text": "that was amazing",
        "userDefined": false
      }
    ],
    "isTemplate": false,
    "count": 0,
    "updated": 0
  },
  {
    "id": "ae7f8899-5224-41b9-a5bb-71f187ec6386",
    "data": [
      {
        "text": "that\u0027s very ",
        "userDefined": false
      },
      {
        "text": "nice",
        "meta": "@sys.ignore",
        "userDefined": true
      }
    ],
    "isTemplate": false,
    "count": 1,
    "updated": 0
  },
  {
    "id": "24aa7f79-8026-4834-a5dc-89ed763017a1",
    "data": [
      {
        "text": "good",
        "meta": "@sys.ignore",
        "userDefined": true
      }
    ],
    "isTemplate": false,
    "count": 1,
    "updated": 0
  },
  {
    "id": "7fed1b2a-318a-4655-a1e1-0c0ca318b5da",
    "data": [
      {
        "text": "that\u0027s fine",
        "userDefined": false
      }
    ],
    "isTemplate": false,
    "count": 0,
    "updated": 0
  },
  {
    "id": "a24f94e9-72b8-4afc-ad9b-af708bbea764",
    "data": [
      {
        "text": "that\u0027s ",
        "userDefined": false
      },
      {
        "text": "great",
        "meta": "@sys.ignore",
        "userDefined": true
      }
    ],
    "isTemplate": false,
    "count": 3,
    "updated": 0
  },
  {
    "id": "b74628e6-7e76-4fee-9da7-894a2bd7ad3f",
    "data": [
      {
        "text": "marvelous",
        "userDefined": false
      }
    ],
    "isTemplate": false,
    "count": 0,
    "updated": 0
  },
  {
    "id": "368c0bda-fb63-4540-9bbc-c21599018649",
    "data": [
      {
        "text": "okay good",
        "userDefined": false
      }
    ],
    "isTemplate": false,
    "count": 0,
    "updated": 0
  },
  {
    "id": "e992c056-c72d-4431-871b-43baef612318",
    "data": [
      {
        "text": "this is ",
        "userDefined": false
      },
      {
        "text": "good",
        "meta": "@sys.ignore",
        "userDefined": true
      }
    ],
    "isTemplate": false,
    "count": 0,
    "updated": 0
  },
  {
    "id": "17d2cd5c-7013-46b2-9e55-e585903b3f59",
    "data": [
      {
        "text": "that\u0027s ",
        "userDefined": false
      },
      {
        "text": "fine",
        "meta": "@sys.ignore",
        "userDefined": true
      }
    ],
    "isTemplate": false,
    "count": 0,
    "updated": 0
  },
  {
    "id": "d1f5a5c0-6cc3-49a4-8ec9-a47ac52690bf",
    "data": [
      {
        "text": "it\u0027s",
        "meta": "@sys.ignore",
        "userDefined": true
      },
      {
        "text": " ",
        "userDefined": false
      },
      {
        "text": "great",
        "meta": "@sys.ignore",
        "userDefined": true
      }
    ],
    "isTemplate": false,
    "count": 0,
    "updated": 0
  },
  {
    "id": "81b74fb6-4494-4800-8091-87fd5bd4ec57",
    "data": [
      {
        "text": "no ",
        "userDefined": false
      },
      {
        "text": "it",
        "meta": "@sys.ignore",
        "userDefined": true
      },
      {
        "text": "\u0027s ",
        "userDefined": false
      },
      {
        "text": "okay",
        "meta": "@sys.ignore",
        "userDefined": true
      }
    ],
    "isTemplate": false,
    "count": 0,
    "updated": 0
  },
  {
    "id": "cdbfdd17-ef98-4595-8518-b37ccc6a01de",
    "data": [
      {
        "text": "super",
        "userDefined": false
      }
    ],
    "isTemplate": false,
    "count": 0,
    "updated": 0
  },
  {
    "id": "7ef29137-20fa-4342-832f-96954f356a4b",
    "data": [
      {
        "text": "that\u0027s very ",
        "userDefined": false
      },
      {
        "text": "nice",
        "meta": "@sys.ignore",
        "userDefined": true
      },
      {
        "text": " ",
        "userDefined": false
      },
      {
        "text": "of",
        "meta": "@sys.ignore",
        "userDefined": true
      },
      {
        "text": " you",
        "userDefined": false
      }
    ],
    "isTemplate": false,
    "count": 0,
    "updated": 0
  },
  {
    "id": "45ec8b63-105d-40cb-b18d-c45dee644ef3",
    "data": [
      {
        "text": "excellent",
        "userDefined": false
      }
    ],
    "isTemplate": false,
    "count": 0,
    "updated": 0
  },
  {
    "id": "2b5b517e-d5bf-4136-abcb-6cf3185dac5a",
    "data": [
      {
        "text": "that\u0027s not ",
        "userDefined": false
      },
      {
        "text": "bad",
        "meta": "@sys.ignore",
        "userDefined": true
      }
    ],
    "isTemplate": false,
    "count": 0,
    "updated": 0
  },
  {
    "id": "b2f403b2-57db-4ddc-b2c3-441d815a74b5",
    "data": [
      {
        "text": "good",
        "meta": "@sys.ignore",
        "userDefined": true
      },
      {
        "text": " thing",
        "userDefined": false
      }
    ],
    "isTemplate": false,
    "count": 0,
    "updated": 0
  },
  {
    "id": "c186be70-7cfe-47d1-abae-7203b986e4fb",
    "data": [
      {
        "text": "it\u0027s awesome",
        "userDefined": false
      }
    ],
    "isTemplate": false,
    "count": 0,
    "updated": 0
  },
  {
    "id": "bd2bc42d-c30b-4e3c-99b0-2a1c1531dd33",
    "data": [
      {
        "text": "really ",
        "userDefined": false
      },
      {
        "text": "nice",
        "meta": "@sys.ignore",
        "userDefined": true
      }
    ],
    "isTemplate": false,
    "count": 0,
    "updated": 0
  }
]