[
  {
    "id": "67946ca3-2fb7-4486-9331-b9929bfbf2eb",
    "data": [
      {
        "text": "I have no time",
        "userDefined": false
      }
    ],
    "isTemplate": false,
    "count": 0,
    "updated": 0
  },
  {
    "id": "2e32507a-3c1a-4472-a4e6-574b65761b0d",
    "data": [
      {
        "text": "I\u0027m busy",
        "userDefined": false
      }
    ],
    "isTemplate": false,
    "count": 0,
    "updated": 0
  },
  {
    "id": "ac213f49-f429-4524-b49f-887a2349572e",
    "data": [
      {
        "text": "I got things to do",
        "userDefined": false
      }
    ],
    "isTemplate": false,
    "count": 0,
    "updated": 0
  },
  {
    "id": "9f857a86-8468-4fb3-81a8-76c679a175da",
    "data": [
      {
        "text": "I\u0027m overloaded",
        "userDefined": false
      }
    ],
    "isTemplate": false,
    "count": 0,
    "updated": 0
  },
  {
    "id": "72a63b39-c286-4e72-9e57-d2cbf8c2954e",
    "data": [
      {
        "text": "I don\u0027t have time for this",
        "userDefined": false
      }
    ],
    "isTemplate": false,
    "count": 0,
    "updated": 0
  },
  {
    "id": "1b9dd076-5f8b-4066-be15-840e1b1bea43",
    "data": [
      {
        "text": "I\u0027m swamped",
        "userDefined": false
      }
    ],
    "isTemplate": false,
    "count": 0,
    "updated": 0
  },
  {
    "id": "3420d152-1e8a-43b2-9819-c2d68c18af07",
    "data": [
      {
        "text": "how busy I am",
        "userDefined": false
      }
    ],
    "isTemplate": false,
    "count": 0,
    "updated": 0
  },
  {
    "id": "532114c8-a9a0-4a98-b262-a36abac3f5f2",
    "data": [
      {
        "text": "I\u0027m working",
        "userDefined": false
      }
    ],
    "isTemplate": false,
    "count": 0,
    "updated": 0
  },
  {
    "id": "4a73670b-6abf-4479-a15d-dffe858e3e57",
    "data": [
      {
        "text": "I got work to do",
        "userDefined": false
      }
    ],
    "isTemplate": false,
    "count": 0,
    "updated": 0
  }
]