[
  {
    "id": "f0a6639a-bfff-44f6-ba5b-a8cf2922ab07",
    "data": [
      {
        "text": "what are you called",
        "userDefined": false
      }
    ],
    "isTemplate": false,
    "count": 0,
    "updated": 1523206882
  },
  {
    "id": "29ac1024-3332-4559-ab30-1075f12de0e2",
    "data": [
      {
        "text": "tell me your name",
        "userDefined": false
      }
    ],
    "isTemplate": false,
    "count": 0,
    "updated": 1523206882
  },
  {
    "id": "373a7523-0da1-4d6b-be26-44c7e0e2ac5c",
    "data": [
      {
        "text": "what name do you have",
        "userDefined": false
      }
    ],
    "isTemplate": false,
    "count": 0,
    "updated": 1523206882
  },
  {
    "id": "f8d17f56-95ce-436b-9fa7-99d9b445fa67",
    "data": [
      {
        "text": "what do people call you",
        "userDefined": false
      }
    ],
    "isTemplate": false,
    "count": 0,
    "updated": 1523206882
  },
  {
    "id": "52c7d993-8245-4818-9dc8-ba38c2af1346",
    "data": [
      {
        "text": "what\u0027s your name",
        "userDefined": false
      }
    ],
    "isTemplate": false,
    "count": 0,
    "updated": 1523206882
  }
]