[
  {
    "id": "387de1f7-7082-40f8-8005-0ed1a85657fe",
    "data": [
      {
        "text": "what\u0027s going on",
        "userDefined": false
      }
    ],
    "isTemplate": false,
    "count": 0,
    "updated": 1523401526
  },
  {
    "id": "3d3a0190-3435-490e-9099-6f24f3a13cae",
    "data": [
      {
        "text": "wuu2",
        "userDefined": false
      }
    ],
    "isTemplate": false,
    "count": 0,
    "updated": 1523401526
  },
  {
    "id": "41b4a4d8-16f8-4a98-92eb-d07e8d7eda42",
    "data": [
      {
        "text": "what are you up to",
        "userDefined": false
      }
    ],
    "isTemplate": false,
    "count": 0,
    "updated": 1523401526
  },
  {
    "id": "80160523-7e90-4195-8bef-ad4e8570b253",
    "data": [
      {
        "text": "what are you doing",
        "userDefined": false
      }
    ],
    "isTemplate": false,
    "count": 0,
    "updated": 1523401526
  }
]